Workbook

Sheet Suroviny
A1: Ceny surovin
A2: Modré buňky = uprav podle potřeby. Ostatní se přepočítají samy.
A4: Surovina | B4: Cena za jednotku (mince) | C4: Jednotek za 1 minci
A5: Hliník | B5: 0.2 | C5: =1/B5 -> 5
A6: Deuterium | B6: 0.4 | C6: =1/B6 -> 2.5
A7: Elektronika | B7: 0.25 | C7: =1/B7 -> 4
A8: Šrot | B8: 0.1 | C8: =1/B8 -> 10
A10: Poznámka: ceny jsou startovní odhad k doladění — Deuterium je nejdražší (exotické palivo), Šrot nejlevnější (univerzální, běžný).

Sheet Recepty
A1: Recepty oprav — 5 součástí × 3 podsoučásti
A2: Žluté buňky (množství surovin) = uprav podle potřeby. Cena a odhad levelů se přepočítají samy.
A4: Součást | B4: Podsoučást | C4: Hliník (ks) | D4: Deuterium (ks) | E4: Elektronika (ks) | F4: Šrot (ks) | G4: Cena celkem (mince) | H4: Orientační počet levelů
A5: Plášť | B5: Vnější obšívka | C5: 100 | D5: 0 | E5: 0 | F5: 100 | G5: =C5*Suroviny!$B$5+D5*Suroviny!$B$6+E5*Suroviny!$B$7+F5*Suroviny!$B$8 -> 30 | H5: =G5/Ekonomika!$B$5 -> 2
A6: Plášť | B6: Tepelný štít | C6: 150 | D6: 0 | E6: 0 | F6: 50 | G6: =C6*Suroviny!$B$5+D6*Suroviny!$B$6+E6*Suroviny!$B$7+F6*Suroviny!$B$8 -> 35 | H6: =G6/Ekonomika!$B$5 -> 2.3333333
A7: Plášť | B7: Poklopy a okna | C7: 50 | D7: 0 | E7: 0 | F7: 100 | G7: =C7*Suroviny!$B$5+D7*Suroviny!$B$6+E7*Suroviny!$B$7+F7*Suroviny!$B$8 -> 20 | H7: =G7/Ekonomika!$B$5 -> 1.3333333
A8: Navigace | B8: Senzory/radar | C8: 0 | D8: 0 | E8: 100 | F8: 50 | G8: =C8*Suroviny!$B$5+D8*Suroviny!$B$6+E8*Suroviny!$B$7+F8*Suroviny!$B$8 -> 30 | H8: =G8/Ekonomika!$B$5 -> 2
A9: Navigace | B9: Palubní počítač | C9: 0 | D9: 0 | E9: 120 | F9: 50 | G9: =C9*Suroviny!$B$5+D9*Suroviny!$B$6+E9*Suroviny!$B$7+F9*Suroviny!$B$8 -> 35 | H9: =G9/Ekonomika!$B$5 -> 2.3333333
A10: Navigace | B10: Komunikační anténa | C10: 0 | D10: 0 | E10: 80 | F10: 100 | G10: =C10*Suroviny!$B$5+D10*Suroviny!$B$6+E10*Suroviny!$B$7+F10*Suroviny!$B$8 -> 30 | H10: =G10/Ekonomika!$B$5 -> 2
A11: Pohon/motor | B11: Palivové nádrže | C11: 0 | D11: 80 | E11: 0 | F11: 100 | G11: =C11*Suroviny!$B$5+D11*Suroviny!$B$6+E11*Suroviny!$B$7+F11*Suroviny!$B$8 -> 42 | H11: =G11/Ekonomika!$B$5 -> 2.8
A12: Pohon/motor | B12: Tryska/spalovací komora | C12: 0 | D12: 100 | E12: 0 | F12: 50 | G12: =C12*Suroviny!$B$5+D12*Suroviny!$B$6+E12*Suroviny!$B$7+F12*Suroviny!$B$8 -> 45 | H12: =G12/Ekonomika!$B$5 -> 3
A13: Pohon/motor | B13: Chladicí systém | C13: 50 | D13: 50 | E13: 0 | F13: 50 | G13: =C13*Suroviny!$B$5+D13*Suroviny!$B$6+E13*Suroviny!$B$7+F13*Suroviny!$B$8 -> 35 | H13: =G13/Ekonomika!$B$5 -> 2.3333333
A14: Kokpit | B14: Podpora života | C14: 0 | D14: 0 | E14: 80 | F14: 100 | G14: =C14*Suroviny!$B$5+D14*Suroviny!$B$6+E14*Suroviny!$B$7+F14*Suroviny!$B$8 -> 30 | H14: =G14/Ekonomika!$B$5 -> 2
A15: Kokpit | B15: Sedačky | C15: 100 | D15: 0 | E15: 0 | F15: 100 | G15: =C15*Suroviny!$B$5+D15*Suroviny!$B$6+E15*Suroviny!$B$7+F15*Suroviny!$B$8 -> 30 | H15: =G15/Ekonomika!$B$5 -> 2
A16: Kokpit | B16: Přístrojová deska | C16: 50 | D16: 0 | E16: 80 | F16: 50 | G16: =C16*Suroviny!$B$5+D16*Suroviny!$B$6+E16*Suroviny!$B$7+F16*Suroviny!$B$8 -> 35 | H16: =G16/Ekonomika!$B$5 -> 2.3333333
... A19: Reaktor (zamčeno) | B19: Hlavní řídicí jednotka | C19: 50 | D19: 0 | E19: 150 | F19: 100 | G19: =C19*Suroviny!$B$5+D19*Suroviny!$B$6+E19*Suroviny!$B$7+F19*Suroviny!$B$8 -> 57.5 | H19: =G19/Ekonomika!$B$5 -> 3.8333333
A20: CELKEM | C20: =SUM(C5:C19) -> 630 | D20: =SUM(D5:D19) -> 460 | E20: =SUM(E5:E19) -> 710 | F20: =SUM(F5:F19) -> 1200 | G20: =SUM(G5:G19) -> 607.5 | H20: =SUM(H5:H19) -> 40.5
A22: Pozn.: 'Orientační počet levelů' = kolik vyhraných levelů v průměru vydělá dost mincí na tuhle podsoučást (viz list Ekonomika).

Sheet Ekonomika
A1: Tempo a cílové ladění
A2: Uprav modré/žluté buňky (B sloupec) — vpravo se přepočítá dopad na tempo hry.
A4: Vstupní předpoklady
A5: Průměr mincí za vyhraný level | B5: 15 | C5: vážený průměr přes 1★/2★/3★ odměnu (viz GDD 5.3)
A6: Průměrná úspěšnost levelu (win rate) | B6: 0.7 | C6: blend přes tutoriál / volnou fázi / finále (viz GDD 5.3)
A7: Průměr pokusů o level / den | B7: 8 | C7: energie: 5 životů, ~30 min/život, + občasná reklama/Stars (viz GDD 5.2)
A9: Odvozené hodnoty
A10: Vyhraných levelů / den | B10: =B7*B6 -> 5.6
A11: Mincí vydělaných / den | B11: =B10*B5 -> 84
A12: Celková cena kapitoly 1 (mince) | B12: =Recepty!G20 -> 607.5 | C12: součet 'Cena celkem' ze všech 15 receptů (list Recepty)
A13: Dní na kompletní opravu | B13: =B12/B11 -> 7.2321429
A14: Týdnů na kompletní opravu | B14: =B13/7 -> 1.0331633
A16: Cílové tempo
A17: Cíl — min. týdnů | B17: 1 | C17: rozhodnutí z GDD (sekce 7): ~1–2 týdny pro běžného neplaceného hráče
A18: Cíl — max. týdnů | B18: 2
A20: Vyhodnocení | B20: =IF(AND(B14>=B17,B14<=B18),"V CÍLI","MIMO CÍL — uprav ceny (Suroviny/Recepty) nebo předpoklady výše") -> V CÍLI

Sheet Souhrn
A1: Souhrn podle součásti
A2: Přehled se počítá automaticky z listu Recepty — nic tu needituj.
A4: Součást | B4: Cena celkem (mince) | C4: Orientační počet levelů | D4: Podíl na kapitole 1
A5: Plášť | B5: =SUMIF(Recepty!$A$5:$A$19,A5,Recepty!$G$5:$G$19) -> 85 | C5: =B5/Ekonomika!$B$5 -> 5.6666667 | D5: =B5/Ekonomika!$B$12 -> 0.1399177
A6: Navigace | B6: =SUMIF(Recepty!$A$5:$A$19,A6,Recepty!$G$5:$G$19) -> 95 | C6: =B6/Ekonomika!$B$5 -> 6.3333333 | D6: =B6/Ekonomika!$B$12 -> 0.1563786
A7: Pohon/motor | B7: =SUMIF(Recepty!$A$5:$A$19,A7,Recepty!$G$5:$G$19) -> 122 | C7: =B7/Ekonomika!$B$5 -> 8.1333333 | D7: =B7/Ekonomika!$B$12 -> 0.20082305
A8: Kokpit | B8: =SUMIF(Recepty!$A$5:$A$19,A8,Recepty!$G$5:$G$19) -> 95 | C8: =B8/Ekonomika!$B$5 -> 6.3333333 | D8: =B8/Ekonomika!$B$12 -> 0.1563786
A9: Reaktor (zamčeno) | B9: =SUMIF(Recepty!$A$5:$A$19,A9,Recepty!$G$5:$G$19) -> 210.5 | C9: =B9/Ekonomika!$B$5 -> 14.033333 | D9: =B9/Ekonomika!$B$12 -> 0.34650206
A10: CELKEM | B10: =SUM(B5:B9) -> 607.5 | C10: =SUM(C5:C9) -> 40.5 | D10: =SUM(D5:D9) -> 1
